column_name,comorbidity_group_f_value,comorbidity_group_df,comorbidity_group_residual_df,comorbidity_group_p_value,comorbidity_group_p_adjusted,rsfmri_c_ngd_meanmotion_estimate,rsfmri_c_ngd_meanmotion_t_value,rsfmri_c_ngd_meanmotion_std_error,rsfmri_c_ngd_meanmotion_p_value,sex_f_value,sex_df,sex_residual_df,sex_p_value,eventname_f_value,eventname_df,eventname_residual_df,eventname_p_value
rsfmri_c_ngd_vta_ngd_vta,3.76466188,5,3620.086954,0.002110064,0.01055032,-0.013894041,-2.805456191,0.004952507,0.005050992,2.327927775,1,3579.076597,0.127159293,26.84797171,1,3639.38787,2.32061E-07
rsfmri_cor_ngd_cerc_scs_aglh,2.778871678,5,3618.504376,0.016433268,0.04108317,0.036906894,4.274088382,0.008635033,1.96795E-05,4.69202745,1,3566.688089,0.030368913,54.95758829,1,3669.702944,1.52106E-13
rsfmri_cor_ngd_cerc_scs_cdelh,2.414391157,5,3620.252307,0.03401686,0.047617147,0.028970761,3.346924234,0.008655936,0.000825351,4.622445139,1,3570.111913,0.0316232,6.813873561,1,3652.35797,0.009082185
rsfmri_cor_ngd_df_scs_ptlh,2.195282714,5,3627.797771,0.052090988,0.052090988,0.014592592,2.21019248,0.006602408,0.027153147,22.49195749,1,3495.677161,2.19457E-06,3.422586882,1,3637.949417,0.064391204
rsfmri_cor_ngd_sa_scs_ptlh,2.35664646,5,3629.983398,0.038093718,0.047617147,0.023707216,4.276725001,0.005543311,1.94484E-05,10.98545801,1,3457.043558,0.000927761,10.64338876,1,3624.011131,0.001114891